<SCENE>

    <!-- Initial values -->
    <INITIALS>
        <frustum near="0.1" far="500"/>
        <translation x="-1" y="0" z="0" />
        <rotation axis="x" angle="0" />
        <rotation axis="y" angle="0" />
        <rotation axis="z" angle="0" />
        <scale sx="0.5" sy="0.5" sz="0.5" />
        <reference length="5" />
    </INITIALS>

    <!-- Illumination and clear colour -->
    <ILLUMINATION>
        <ambient r="0.25" g="0.25" b="0.25" a="1" />
    <!-- <background r="0.9" g="0.9" b="0.9" a="1" /> -->
        <background r="0.77" g="0.89" b="0.976" a="1" />
    </ILLUMINATION>

      <!-- Lights -->
    <LIGHTS>
        <LIGHT id="Light 1">
            <enable value ="1" />
            <position x="9.0" y="1.0" z="-0.5" w="1.0" />
            <ambient r="0.0" g="0.0" b="0.0" a="1.0" />
            <diffuse r="1.0" g="1.0" b="1.0" a="1.0" />
            <specular r="1.0" g="1.0" b="1.0" a="1.0" />
        </LIGHT>

        <LIGHT id="Light 2">
            <enable value ="1" />
            <position x="9.5" y="1.0" z="8.0" w="1.0" />
            <ambient r="0.7" g="0.7" b="0.7" a="1.0" />
            <diffuse r="1.0" g="1.0" b="1.0" a="1.0" />
            <specular r="1.0" g="1.0" b="1.0" a="1.0" />
        </LIGHT>

        <LIGHT id="Light 3">
            <enable value ="1" />
            <position x="-1.0" y="1.0" z="7.5" w="1" />
            <ambient r="0.0" g="0.0" b="0.0" a="1.0" />
            <diffuse r="1.0" g="1.0" b="1.0" a="1.0" />
            <specular r="1.0" g="1.0" b="1.0" a="1.0" />
        </LIGHT>

        <LIGHT id="Light 4">
            <enable value ="0" />
            <position x="1.0" y="5.0" z="1.0" w="1" />
            <ambient r="0.0" g="0.0" b="0.0" a="1.0" />
            <diffuse r="1.0" g="1.0" b="1.0" a="1.0" />
            <specular r="1.0" g="1.0" b="1.0" a="1.0" />
        </LIGHT>
    </LIGHTS>

    <!-- Textures -->
    <TEXTURES>
        <!-- Conical roofs -->
        <TEXTURE id="rocket">
            <file path="animationTex/rocket.jpg" />
            <amplif_factor s="1" t="1" />
        </TEXTURE>

        <TEXTURE id="rocketBody">
            <file path="animationTex/rocketBody.jpg" />
            <amplif_factor s="1" t="1" />
        </TEXTURE>
    </TEXTURES>

    <MATERIALS>
        <!-- Wall material -->
        <MATERIAL id="carMaterial">
            <shininess value="50" />
            <specular r="0.101" g="0.71" b="0.937" a="1" />
            <diffuse r="0.101" g="0.71" b="0.937" a="1" />
            <ambient r="0.101" g="0.71" b="0.937" a="1" />
            <emission r="0.101" g="0.71" b="0.937" a="1" />
        </MATERIAL>

		<MATERIAL id="blackMaterial">
            <shininess value="50" />
            <specular r="0.0" g="0.0" b="0.0" a="1" />
            <diffuse r="0.0" g="0.0" b="0.0" a="1" />
            <ambient r="0.0" g="0.0" b="0.0" a="1" />
            <emission r="0.0" g="0.0" b="0.0" a="1" />
        </MATERIAL>

        <!-- Yellow material -->
        <MATERIAL id="greyMaterial">
            <shininess value="50" />
            <specular r="0.2" g="0.2" b="0.2" a="1" />
            <diffuse r="0.2" g="0.2" b="0.2" a="1" />
            <ambient r="0.2" g="0.2" b="0.2" a="1" />
            <emission r="0.2" g="0.2" b="0.2" a="1" />
        </MATERIAL>

        <!-- purple material (91, 59, 21)-->
        <MATERIAL id="floorMaterial">
            <shininess value="50" />
            <specular r="0.356" g="0.231" b="0.082" a="1" />
            <diffuse r="0.356" g="0.231" b="0.082" a="1" />
            <ambient r="0.356" g="0.231" b="0.082" a="1" />
            <emission r="0.356" g="0.231" b="0.082" a="1" />
        </MATERIAL>

        <MATERIAL id="yellowMaterial">
            <shininess value="50" />
            <specular r="1" g="1" b="0" a="1" />
            <diffuse r="1" g="1" b="0" a="1" />
            <ambient r="1" g="1" b="0" a="1" />
            <emission r="1" g="1" b="0" a="1" />
        </MATERIAL>

        <!-- A default material -->
        <MATERIAL id="defaultMaterial">
            <shininess value="1" />
            <specular r="0.1" g="0.1" b="0.1" a="1" />
            <diffuse r="0.4" g="0.4" b="0.4" a="1" />
            <ambient r="0.2" g="0.2" b="0.2" a="1" />
            <emission r="0.0" g="0.0" b="0.0" a="1" />
        </MATERIAL>
    </MATERIALS>

	<ANIMATIONS>
		<ANIMATION id="circular1" speed="0.003" type="circular"
					centerx="5" centery="0" centerz="5"
					radius="5" startang="180" rotang="180"
		/>
		<ANIMATION id="circular2" speed="0.003" type="circular"
					centerx="5" centery="0" centerz="0"
					radius="5" startang="0" rotang="180"
		/>

		<ANIMATION id="linear1" speed="0.003" type="linear">
            <controlpoint xx="0" yy="0" zz="1" />
            <controlpoint xx="2" yy="0" zz="3" />
            <controlpoint xx="0" yy="0" zz="5" />
		</ANIMATION>
		<ANIMATION id="linear2" speed="0.003" type="linear">
            <controlpoint xx="10" yy="0" zz="5" />
            <controlpoint xx="10" yy="0" zz="0" />
		</ANIMATION>
		<ANIMATION id="linear3" speed="0.003" type="linear">
            <controlpoint xx="0" yy="1" zz="4" />
            <controlpoint xx="4" yy="1" zz="10" />
		</ANIMATION>

		<ANIMATION id="bezier1" speed="0.003" type="bezier">
            <controlpoint xx="8" yy="1" zz="0" />
            <controlpoint xx="8" yy="1" zz="-3" />
            <controlpoint xx="0" yy="1" zz="0" />
            <controlpoint xx="0" yy="1" zz="4" />
		</ANIMATION>
		<ANIMATION id="bezier2" speed="0.003" type="bezier">
            <controlpoint xx="4" yy="1" zz="10" />
            <controlpoint xx="4" yy="1" zz="0" />
            <controlpoint xx="-7" yy="1" zz="0" />
            <controlpoint xx="0" yy="1" zz="0" />
		</ANIMATION>

		<ANIMATION id="car" type="combo">
            <SPANREF id="linear1"/>
			<SPANREF id="circular1"/>
			<SPANREF id="linear2"/>
			<SPANREF id="circular2"/>
		</ANIMATION>
		<ANIMATION id="rocket" type="combo">
            <SPANREF id="bezier1"/>
			<SPANREF id="linear3"/>
			<SPANREF id="bezier2"/>
			<SPANREF id="linear1" />
			<SPANREF id="circular1" />
		</ANIMATION>
	</ANIMATIONS>

    <!-- The nodes -->
    <NODES>
        <!-- id of root node -->
        <ROOT id="root" />

        <!-- The root node -->
        <NODE id="root">
            <MATERIAL id="defaultMaterial" />
            <TEXTURE id="null" />

            <DESCENDANTS>
                <NODEREF id="floor" />
                <NODEREF id="car" />
				<NODEREF id="rocket" />
				<NODEREF id="balls" />
            </DESCENDANTS>
        </NODE>

        <NODE id="floor">
            <MATERIAL id="floorMaterial" />
            <TEXTURE id="null" />

            <TRANSLATION x="-1" y="0" z="11" />
            <ROTATION axis="x" angle="-90"/>

            <DESCENDANTS>
                <LEAF type="rectangle" args="0 17 12 0"/>
            </DESCENDANTS>
        </NODE>

        <NODE id="car">
            <MATERIAL id="null" />
            <TEXTURE id="null" />

			<TRANSLATION x="-0.5" y="0.25" z="1" />
			<ROTATION axis="y" angle="90" />
			<SCALE sx="0.5" sy="0.5" sz="0.5" />

            <!--animations-->
			<ANIMATIONREFS>
                <ANIMATIONREF id="car"/>
            </ANIMATIONREFS>

            <DESCENDANTS>
                <NODEREF id="rect1"/>
                <NODEREF id="rect2"/>
                <NODEREF id="rect3"/>
                <NODEREF id="rect4"/>
                <NODEREF id="rect5"/>
                <NODEREF id="rect6"/>
                <NODEREF id="rect7"/>
                <NODEREF id="rect8"/>
                <NODEREF id="rect9"/>
                <NODEREF id="rect10"/>
                <NODEREF id="rect11"/>
				<NODEREF id="wheels"/>
            </DESCENDANTS>
        </NODE>

        <NODE id="rect1">
            <MATERIAL id="carMaterial" />
            <TEXTURE id="null" />

            <ROTATION axis="y" angle="-90"/>

            <DESCENDANTS>
                <LEAF type="rectangle" args="0 1 2 0"/>
            </DESCENDANTS>
        </NODE>

        <NODE id="rect3">
            <MATERIAL id="carMaterial" />
            <TEXTURE id="null" />

            <TRANSLATION x="4" y="0" z="2" />
            <ROTATION axis="y" angle="90"/>

            <DESCENDANTS>
                <LEAF type="rectangle" args="0 1 2 0"/>
            </DESCENDANTS>
        </NODE>

        <NODE id="rect2">
            <MATERIAL id="carMaterial" />
            <TEXTURE id="null" />

            <TRANSLATION x="0" y="0" z="2" />

            <DESCENDANTS>
                <LEAF type="rectangle" args="0 1 4 0"/>
            </DESCENDANTS>
        </NODE>

        <NODE id="rect4">
            <MATERIAL id="carMaterial" />
            <TEXTURE id="null" />

            <TRANSLATION x="4" y="0" z="0" />
            <ROTATION axis="y" angle="180" />

            <DESCENDANTS>
                <LEAF type="rectangle" args="0 1 4 0"/>
            </DESCENDANTS>
        </NODE>

        <NODE id="rect5">
            <MATERIAL id="carMaterial" />
            <TEXTURE id="null" />

            <TRANSLATION x="0" y="1" z="2" />
            <ROTATION axis="x" angle="270" />

            <DESCENDANTS>
                <LEAF type="rectangle" args="0 2 1 0"/>
            </DESCENDANTS>
        </NODE>

		<NODE id="rect6">
            <MATERIAL id="carMaterial" />
            <TEXTURE id="null" />

            <TRANSLATION x="3" y="1" z="2" />
            <ROTATION axis="x" angle="270" />

            <DESCENDANTS>
                <LEAF type="rectangle" args="0 2 1 0"/>
            </DESCENDANTS>
        </NODE>

		<NODE id="rect7">
            <MATERIAL id="greyMaterial" />
            <TEXTURE id="null" />

            <TRANSLATION x="1" y="1" z="0" />
            <ROTATION axis="y" angle="270" />

            <DESCENDANTS>
                <LEAF type="rectangle" args="0 1 2 0"/>
            </DESCENDANTS>
        </NODE>

		<NODE id="rect8">
            <MATERIAL id="greyMaterial" />
            <TEXTURE id="null" />

            <TRANSLATION x="3" y="1" z="2" />
            <ROTATION axis="y" angle="90" />

            <DESCENDANTS>
                <LEAF type="rectangle" args="0 1 2 0"/>
            </DESCENDANTS>
        </NODE>

		<NODE id="rect9">
            <MATERIAL id="greyMaterial" />
            <TEXTURE id="null" />

            <TRANSLATION x="1" y="1" z="2" />

            <DESCENDANTS>
                <LEAF type="rectangle" args="0 1 2 0"/>
            </DESCENDANTS>
        </NODE>

		<NODE id="rect10">
            <MATERIAL id="greyMaterial" />
            <TEXTURE id="null" />

            <TRANSLATION x="3" y="1" z="0" />
            <ROTATION axis="y" angle="180" />

            <DESCENDANTS>
                <LEAF type="rectangle" args="0 1 2 0"/>
            </DESCENDANTS>
        </NODE>

		<NODE id="rect11">
            <MATERIAL id="carMaterial" />
            <TEXTURE id="null" />

            <TRANSLATION x="1" y="2" z="2" />
            <ROTATION axis="x" angle="-90" />

            <DESCENDANTS>
                <LEAF type="rectangle" args="0 2 2 0"/>
            </DESCENDANTS>
        </NODE>

		<NODE id="wheels">
            <MATERIAL id="carMaterial" />
            <TEXTURE id="null" />

            <DESCENDANTS>
				<NODEREF id="wheel1" />
				<NODEREF id="wheel2" />
				<NODEREF id="wheel3" />
				<NODEREF id="wheel4" />
            </DESCENDANTS>
        </NODE>

		<NODE id="wheel1">
            <MATERIAL id="carMaterial" />
            <TEXTURE id="null" />

            <TRANSLATION x="1" y="0" z="-0.2" />

            <DESCENDANTS>
                <NODEREF id="wheel" />
            </DESCENDANTS>
        </NODE>

		<NODE id="wheel2">
            <MATERIAL id="carMaterial" />
            <TEXTURE id="null" />

            <TRANSLATION x="3" y="0" z="0.1" />
            <ROTATION axis="y" angle="180" />

            <DESCENDANTS>
                <NODEREF id="wheel" />
            </DESCENDANTS>
        </NODE>

		<NODE id="wheel3">
            <MATERIAL id="carMaterial" />
            <TEXTURE id="null" />

            <TRANSLATION x="1" y="0" z="2.2" />
            <ROTATION axis="y" angle="180" />

            <DESCENDANTS>
                <NODEREF id="wheel" />
            </DESCENDANTS>
        </NODE>

		<NODE id="wheel4">
            <MATERIAL id="carMaterial" />
            <TEXTURE id="null" />

            <TRANSLATION x="3" y="0" z="2.2" />
            <ROTATION axis="y" angle="180" />

            <DESCENDANTS>
                <NODEREF id="wheel" />
            </DESCENDANTS>
        </NODE>

		<NODE id="wheel" selectable="true">
            <MATERIAL id="blackMaterial" />
            <TEXTURE id="null" />

            <DESCENDANTS>
                <LEAF type="cylinder" args="0.3 0.5 0.5 20 20 1 1" />
            </DESCENDANTS>
        </NODE>

		<NODE id="rocket">
			<MATERIAL id="defaultMaterial" />
            <TEXTURE id="null" />

			<TRANSLATION x="0" y="3" z="0" />

			<ANIMATIONREFS>
                <ANIMATIONREF id="rocket"/>
            </ANIMATIONREFS>

			<DESCENDANTS>
				<NODEREF id="rocketTop" />
			</DESCENDANTS>
		</NODE>

		<NODE id="rocketTop" selectable="true">
            <MATERIAL id="defaultMaterial" />
            <TEXTURE id="rocket" />

			<SCALE sx="1.5" sy="1.5" sz="1.5" />

            <DESCENDANTS>
                <LEAF type="cylinder" args="0.8 0.25 0.001 20 20 1 1" />
				<NODEREF id="rocketBody" />
            </DESCENDANTS>
        </NODE>

		<NODE id="rocketBody" selectable="true">
            <MATERIAL id="defaultMaterial" />
            <TEXTURE id="rocketBody" />

			<TRANSLATION x="0" y="0" z="-1" />

            <DESCENDANTS>
                <LEAF type="cylinder" args="1 0.2 0.2 20 20 1 1" />
            </DESCENDANTS>
        </NODE>

		<NODE id="balls">
            <MATERIAL id="yellowMaterial" />
            <TEXTURE id="null" />

            <DESCENDANTS>
				<NODEREF id="ball1" />
				<NODEREF id="ball2" />
				<NODEREF id="ball3" />
				<NODEREF id="ball4" />
            </DESCENDANTS>
        </NODE>

		<NODE id="ball1">
            <MATERIAL id="null" />
            <TEXTURE id="null" />

			<TRANSLATION x="3" y="0" z="3" />

            <DESCENDANTS>
				<NODEREF id="ball" />
            </DESCENDANTS>
        </NODE>

		<NODE id="ball2">
            <MATERIAL id="null" />
            <TEXTURE id="null" />

			<TRANSLATION x="6" y="0" z="3" />

            <DESCENDANTS>
				<NODEREF id="ball" />
            </DESCENDANTS>
        </NODE>

		<NODE id="ball3">
            <MATERIAL id="null" />
            <TEXTURE id="null" />

			<TRANSLATION x="3" y="0" z="6" />

            <DESCENDANTS>
				<NODEREF id="ball" />
            </DESCENDANTS>
        </NODE>

		<NODE id="ball4">
            <MATERIAL id="null" />
            <TEXTURE id="null" />

			<TRANSLATION x="6" y="0" z="6" />

            <DESCENDANTS>
				<NODEREF id="ball" />
            </DESCENDANTS>
        </NODE>

		<NODE id="ball" selectable="true">
            <MATERIAL id="null" />
            <TEXTURE id="null" />

            <DESCENDANTS>
				<LEAF type="sphere" args="0.4 20 20"/>
            </DESCENDANTS>
        </NODE>
    </NODES>

</SCENE>
